Country Name,Country Code,Indicator Name,Indicator Code,1990,1991,1992,1993,1994,1995,1996,1997,1998,1999,2000,2001,2002,2003,2004,2005,2006,2007,2008,2009,2010,2011,2012,2013,2014,2015,2016,2017,2018
Aruba,ABW,Prevalence of undernourishment (% of population),SN.ITK.DEFC.ZS,,,,,,,,,,,,,,,,,,,,,,,,,,,,,
Afghanistan,AFG,Prevalence of undernourishment (% of population),SN.ITK.DEFC.ZS,,,,,,,,,,,46.1,46.4,43.7,39.8,36.1,33.2,30.1,27,24.5,22.9,22.1,22.2,23.4,25.5,27.6,29.3,30.3,,
Angola,AGO,Prevalence of undernourishment (% of population),SN.ITK.DEFC.ZS,,,,,,,,,,,71.5,68.9,65.3,61.3,57.8,54.8,51.8,48.6,45.4,42.5,40.4,38.2,35.1,30.8,27,24.8,23.9,,
Albania,ALB,Prevalence of undernourishment (% of population),SN.ITK.DEFC.ZS,,,,,,,,,,,7.2,7.8,8.7,9.7,10.6,10.9,10.8,10.3,9.5,8.4,7.4,6.6,6,5.7,5.5,5.5,5.5,,
Andorra,AND,Prevalence of undernourishment (% of population),SN.ITK.DEFC.ZS,,,,,,,,,,,,,,,,,,,,,,,,,,,,,
Arab World,ARB,Prevalence of undernourishment (% of population),SN.ITK.DEFC.ZS,,,,,,,,,,,11.03344332,10.80176913,10.78541145,10.85037917,10.89928413,10.86900441,10.70335368,10.49195115,10.27881174,9.936300162,9.596599773,9.332882044,11.05290919,11.20621483,11.44982337,11.77306724,12.03572507,,
United Arab Emirates,ARE,Prevalence of undernourishment (% of population),SN.ITK.DEFC.ZS,,,,,,,,,,,2.5,2.5,2.5,2.6,3.2,4.1,4.9,5.6,6,6,5.9,5.6,5.1,4.5,3.9,3.1,2.5,,
Argentina,ARG,Prevalence of undernourishment (% of population),SN.ITK.DEFC.ZS,,,,,,,,,,,3.5,4.1,4.9,5.3,5.2,4.7,4.4,4.2,4.1,4.1,4,3.9,3.7,3.5,3.4,3.6,3.8,,
Armenia,ARM,Prevalence of undernourishment (% of population),SN.ITK.DEFC.ZS,,,,,,,,,,,23.8,23.5,20.7,15.6,10.9,7.8,6.1,5.4,5,5.3,5.5,5.6,5.1,4.6,4.3,4.3,4.3,,
American Samoa,ASM,Prevalence of undernourishment (% of population),SN.ITK.DEFC.ZS,,,,,,,,,,,,,,,,,,,,,,,,,,,,,
Antigua and Barbuda,ATG,Prevalence of undernourishment (% of population),SN.ITK.DEFC.ZS,,,,,,,,,,,,,,,,,,,,,,,,,,,,,
Australia,AUS,Prevalence of undernourishment (% of population),SN.ITK.DEFC.ZS,,,,,,,,,,,2.5,2.5,2.5,2.5,2.5,2.5,2.5,2.5,2.5,2.5,2.5,2.5,2.5,2.5,2.5,2.5,2.5,,
Austria,AUT,Prevalence of undernourishment (% of population),SN.ITK.DEFC.ZS,,,,,,,,,,,2.5,2.5,2.5,2.5,2.5,2.5,2.5,2.5,2.5,2.5,2.5,2.5,2.5,2.5,2.5,2.5,2.5,,
Azerbaijan,AZE,Prevalence of undernourishment (% of population),SN.ITK.DEFC.ZS,,,,,,,,,,,23,18.6,14.8,11.4,8.2,5.5,3.7,2.8,2.5,2.5,2.5,2.5,2.5,2.5,2.5,2.5,2.5,,
Burundi,BDI,Prevalence of undernourishment (% of population),SN.ITK.DEFC.ZS,,,,,,,,,,,,,,,,,,,,,,,,,,,,,
Belgium,BEL,Prevalence of undernourishment (% of population),SN.ITK.DEFC.ZS,,,,,,,,,,,2.5,2.5,2.5,2.5,2.5,2.5,2.5,2.5,2.5,2.5,2.5,2.5,2.5,2.5,2.5,2.5,2.5,,
Benin,BEN,Prevalence of undernourishment (% of population),SN.ITK.DEFC.ZS,,,,,,,,,,,22.7,20.6,18.6,17.4,16.3,15.4,14.3,13.3,12.7,12.1,11.8,11.3,10.8,10.2,9.6,9.9,10.4,,
Burkina Faso,BFA,Prevalence of undernourishment (% of population),SN.ITK.DEFC.ZS,,,,,,,,,,,25.4,25.6,25.8,25.6,25.3,24.9,24.2,23.6,22.7,21.9,21.2,20.7,20.3,20.2,20.3,20.8,21.3,,
Bangladesh,BGD,Prevalence of undernourishment (% of population),SN.ITK.DEFC.ZS,,,,,,,,,,,20.8,18.7,18.2,17.5,17.1,16.6,16.3,16.3,16.4,16.6,16.9,17,17,16.8,16.5,15.8,15.2,,
Bulgaria,BGR,Prevalence of undernourishment (% of population),SN.ITK.DEFC.ZS,,,,,,,,,,,4.8,5.2,5.6,6,6.3,6.5,6.3,6.1,5.8,5.7,5.6,5.4,5,4.4,3.8,3.3,3,,
Bahrain,BHR,Prevalence of undernourishment (% of population),SN.ITK.DEFC.ZS,,,,,,,,,,,,,,,,,,,,,,,,,,,,,
"Bahamas, The",BHS,Prevalence of undernourishment (% of population),SN.ITK.DEFC.ZS,,,,,,,,,,,,,,,,,,,,,,,,,,,,,
Bosnia and Herzegovina,BIH,Prevalence of undernourishment (% of population),SN.ITK.DEFC.ZS,,,,,,,,,,,4.4,4.7,4.5,4.1,3.5,3.2,2.9,2.8,2.6,2.5,2.5,2.5,2.5,2.5,2.5,2.5,2.5,,
Belarus,BLR,Prevalence of undernourishment (% of population),SN.ITK.DEFC.ZS,,,,,,,,,,,2.5,2.6,3.2,3.7,3.6,3,2.5,2.5,2.5,2.5,2.5,2.5,2.5,2.5,2.5,2.5,2.5,,
Belize,BLZ,Prevalence of undernourishment (% of population),SN.ITK.DEFC.ZS,,,,,,,,,,,5.8,5,4.7,4.5,4.6,4.6,4.9,5.3,5.5,5.6,5.6,5.8,6.3,6.6,6.7,6.6,6.5,,
Bermuda,BMU,Prevalence of undernourishment (% of population),SN.ITK.DEFC.ZS,,,,,,,,,,,,,,,,,,,,,,,,,,,,,
Bolivia,BOL,Prevalence of undernourishment (% of population),SN.ITK.DEFC.ZS,,,,,,,,,,,33.4,31.6,31.2,31.4,31.4,30.3,28.7,28,28.1,28,26.5,24.6,22.9,21.4,19.9,19.6,19.8,,
Brazil,BRA,Prevalence of undernourishment (% of population),SN.ITK.DEFC.ZS,,,,,,,,,,,11.9,10.6,8.7,6.9,5.6,4.6,3.9,3.2,2.7,2.5,2.5,2.5,2.5,2.5,2.5,2.5,2.5,,
Barbados,BRB,Prevalence of undernourishment (% of population),SN.ITK.DEFC.ZS,,,,,,,,,,,5.4,5.8,6.3,6.3,6.3,5.9,5.6,5.3,5.1,5,5,4.9,4.7,4.4,4,3.8,3.7,,
Brunei Darussalam,BRN,Prevalence of undernourishment (% of population),SN.ITK.DEFC.ZS,,,,,,,,,,,3.1,2.8,2.5,2.5,2.5,2.5,2.5,2.7,3,3.1,3.1,2.9,2.8,2.7,2.7,2.6,2.6,,
Bhutan,BTN,Prevalence of undernourishment (% of population),SN.ITK.DEFC.ZS,,,,,,,,,,,,,,,,,,,,,,,,,,,,,
Botswana,BWA,Prevalence of undernourishment (% of population),SN.ITK.DEFC.ZS,,,,,,,,,,,35.7,35,34.7,33.5,32.4,31.9,32.2,32.4,31.8,30.5,28.5,26.5,25.2,24.9,25.5,26.8,28.5,,
Central African Republic,CAF,Prevalence of undernourishment (% of population),SN.ITK.DEFC.ZS,,,,,,,,,,,42.5,42,41.5,41.4,40.8,39.5,37.6,35.6,33.7,32.4,32,33.6,38.6,46.9,55.2,60.3,61.8,,
Canada,CAN,Prevalence of undernourishment (% of population),SN.ITK.DEFC.ZS,,,,,,,,,,,2.5,2.5,2.5,2.5,2.5,2.5,2.5,2.5,2.5,2.5,2.5,2.5,2.5,2.5,2.5,2.5,2.5,,
Central Europe and the Baltics,CEB,Prevalence of undernourishment (% of population),SN.ITK.DEFC.ZS,,,,,,,,,,,3.268779122,3.194472511,3.133459253,3.076789731,3.037724765,3.014348043,2.971228901,2.940083114,2.887863082,2.846796166,2.813767676,2.794133895,2.753661696,2.700812271,2.637704181,2.581718572,2.548981405,,
Switzerland,CHE,Prevalence of undernourishment (% of population),SN.ITK.DEFC.ZS,,,,,,,,,,,2.5,2.5,2.5,2.5,2.5,2.5,2.5,2.5,2.5,2.5,2.5,2.5,2.5,2.5,2.5,2.5,2.5,,
Channel Islands,CHI,Prevalence of undernourishment (% of population),SN.ITK.DEFC.ZS,,,,,,,,,,,,,,,,,,,,,,,,,,,,,
Chile,CHL,Prevalence of undernourishment (% of population),SN.ITK.DEFC.ZS,,,,,,,,,,,4.7,4.4,4.1,4.1,4,3.9,3.8,3.9,4.1,4.2,4.2,4,3.8,3.7,3.6,3.3,3.3,,
China,CHN,Prevalence of undernourishment (% of population),SN.ITK.DEFC.ZS,,,,,,,,,,,15.9,15.8,15.7,15.7,15.5,15.2,14.8,14.1,13.4,12.6,11.8,11.1,10.4,9.7,9.1,8.8,8.7,,
Cote d'Ivoire,CIV,Prevalence of undernourishment (% of population),SN.ITK.DEFC.ZS,,,,,,,,,,,20.4,21.5,21.7,21.3,20.5,20,20,20.5,21.3,21.8,21.9,21.6,21.5,21.4,21.3,21.1,20.7,,
Cameroon,CMR,Prevalence of undernourishment (% of population),SN.ITK.DEFC.ZS,,,,,,,,,,,30.8,28.5,26.5,24.4,22.4,20.3,18.2,16.2,14.4,12.9,11.5,10.1,8.7,7.4,6.5,6.5,7.3,,
"Congo, Dem. Rep.",COD,Prevalence of undernourishment (% of population),SN.ITK.DEFC.ZS,,,,,,,,,,,,,,,,,,,,,,,,,,,,,
"Congo, Rep.",COG,Prevalence of undernourishment (% of population),SN.ITK.DEFC.ZS,,,,,,,,,,,36.8,34,32.8,34.2,36.7,40.2,41.6,42.2,41.8,41.3,40.5,39.5,39.2,38.7,38.2,37.7,37.5,,
Colombia,COL,Prevalence of undernourishment (% of population),SN.ITK.DEFC.ZS,,,,,,,,,,,9.7,9.4,9.2,9.2,9.3,9.7,9.6,9.3,9.5,10.4,11.1,10.9,10,8.9,7.9,7.1,6.5,,
Comoros,COM,Prevalence of undernourishment (% of population),SN.ITK.DEFC.ZS,,,,,,,,,,,,,,,,,,,,,,,,,,,,,
Cabo Verde,CPV,Prevalence of undernourishment (% of population),SN.ITK.DEFC.ZS,,,,,,,,,,,17.9,17.9,17.5,16.3,14.9,14,13.9,14,14.5,14.9,15.3,15.1,14.7,14,13.3,12.7,12.3,,
Costa Rica,CRI,Prevalence of undernourishment (% of population),SN.ITK.DEFC.ZS,,,,,,,,,,,5.1,5.3,5.7,5.9,5.8,5.4,5.1,5,5.1,5.2,5.2,5.2,5.4,5.5,5.4,4.9,4.4,,
Caribbean small states,CSS,Prevalence of undernourishment (% of population),SN.ITK.DEFC.ZS,,,,,,,,,,,8.857731406,8.381139044,8.267487974,8.365419389,8.505364467,8.513447208,8.549782234,8.611573831,8.784523855,8.856233297,8.776032568,8.578992593,8.336314662,8.085425654,7.843401721,7.529869209,7.302959264,,
Cuba,CUB,Prevalence of undernourishment (% of population),SN.ITK.DEFC.ZS,,,,,,,,,,,3.7,2.8,2.5,2.5,2.5,2.5,2.5,2.5,2.5,2.5,2.5,2.5,2.5,2.5,2.5,2.5,2.5,,
Curacao,CUW,Prevalence of undernourishment (% of population),SN.ITK.DEFC.ZS,,,,,,,,,,,,,,,,,,,,,,,,,,,,,
Cayman Islands,CYM,Prevalence of undernourishment (% of population),SN.ITK.DEFC.ZS,,,,,,,,,,,,,,,,,,,,,,,,,,,,,
Cyprus,CYP,Prevalence of undernourishment (% of population),SN.ITK.DEFC.ZS,,,,,,,,,,,3.5,3.9,4.4,4.9,5.4,5.7,5.6,5.1,4.7,4.4,4.3,4.2,4.3,4.4,4.5,4.5,4.6,,
Czech Republic,CZE,Prevalence of undernourishment (% of population),SN.ITK.DEFC.ZS,,,,,,,,,,,2.5,2.5,2.5,2.5,2.5,2.5,2.5,2.5,2.5,2.5,2.5,2.5,2.5,2.5,2.5,2.5,2.5,,
Germany,DEU,Prevalence of undernourishment (% of population),SN.ITK.DEFC.ZS,,,,,,,,,,,2.5,2.5,2.5,2.5,2.5,2.5,2.5,2.5,2.5,2.5,2.5,2.5,2.5,2.5,2.5,2.5,2.5,,
Djibouti,DJI,Prevalence of undernourishment (% of population),SN.ITK.DEFC.ZS,,,,,,,,,,,48.1,45.4,42.7,39.8,36.2,32.2,28.6,25.6,23.9,22.9,22.3,21.3,20.2,19.3,19.1,19.4,19.7,,
Dominica,DMA,Prevalence of undernourishment (% of population),SN.ITK.DEFC.ZS,,,,,,,,,,,4.7,4.4,4.6,5,5.5,5.7,5.6,5.1,4.9,4.9,5.2,5.6,5.9,6,5.9,5.6,5.2,,
Denmark,DNK,Prevalence of undernourishment (% of population),SN.ITK.DEFC.ZS,,,,,,,,,,,2.5,2.5,2.5,2.5,2.5,2.5,2.5,2.5,2.5,2.5,2.5,2.5,2.5,2.5,2.5,2.5,2.5,,
Dominican Republic,DOM,Prevalence of undernourishment (% of population),SN.ITK.DEFC.ZS,,,,,,,,,,,28.1,27.1,27.5,28.3,27,24.4,21.9,20.9,20.2,18.6,16.5,14.6,13.4,12.7,11.9,11.1,10.4,,
Algeria,DZA,Prevalence of undernourishment (% of population),SN.ITK.DEFC.ZS,,,,,,,,,,,10.7,10.2,9.7,9.3,9,8.8,8.4,8,7.6,7,6.3,5.6,5,4.7,4.6,4.6,4.7,,
East Asia & Pacific (excluding high income),EAP,Prevalence of undernourishment (% of population),SN.ITK.DEFC.ZS,,,,,,,,,,,17.91338891,17.64751043,17.32043957,17.08066193,16.71093824,16.31399618,15.81081526,15.07808628,14.31447426,13.37610173,12.4264773,11.58959642,10.87264153,10.23482906,9.699442656,9.495181831,9.447280731,,
Early-demographic dividend,EAR,Prevalence of undernourishment (% of population),SN.ITK.DEFC.ZS,,,,,,,,,,,18.42920611,18.73876387,19.33234165,19.63320258,19.59097636,18.94528901,17.92739096,16.92499228,16.12169825,15.55132127,15.09665638,14.73166259,14.41054683,14.04371955,13.62429675,13.26812757,13.00279301,,
East Asia & Pacific,EAS,Prevalence of undernourishment (% of population),SN.ITK.DEFC.ZS,,,,,,,,,,,16.214724,15.98754335,15.70567436,15.50009532,15.17872653,14.83343786,14.39230002,13.74536776,13.06874333,12.23442765,11.38940763,10.64399962,10.00385859,9.434191764,8.956464996,8.77350358,8.731643632,,
Europe & Central Asia (excluding high income),ECA,Prevalence of undernourishment (% of population),SN.ITK.DEFC.ZS,,,,,,,,,,,5.95605398,5.652402252,5.227137747,4.75267923,4.285605753,3.959665193,3.756110477,3.595171914,3.494168793,3.422960186,3.362865525,3.286251745,3.213039214,3.170446721,3.15378283,3.181900902,3.237024431,,
Europe & Central Asia,ECS,Prevalence of undernourishment (% of population),SN.ITK.DEFC.ZS,,,,,,,,,,,4.107669437,3.957157692,3.754866511,3.533166064,3.319126277,3.170533698,3.083198319,3.008438021,2.958999813,2.923291256,2.894011561,2.860539689,2.827302253,2.807698677,2.798313421,2.808757195,2.832425263,,
Ecuador,ECU,Prevalence of undernourishment (% of population),SN.ITK.DEFC.ZS,,,,,,,,,,,18.5,18.8,18.9,18.6,17.7,17,16.2,15.6,14.4,12.8,10.7,9.1,8.3,8.2,8.2,8,7.8,,
"Egypt, Arab Rep.",EGY,Prevalence of undernourishment (% of population),SN.ITK.DEFC.ZS,,,,,,,,,,,5.2,5.1,5.2,5.3,5.5,5.4,5.1,4.8,4.6,4.5,4.5,4.5,4.4,4.4,4.4,4.6,4.8,,
Euro area,EMU,Prevalence of undernourishment (% of population),SN.ITK.DEFC.ZS,,,,,,,,,,,2.594066967,2.598275456,2.596007621,2.587436025,2.580805999,2.577330104,2.57312956,2.566069936,2.554985735,2.543560664,2.535223464,2.532243545,2.530172525,2.527265218,2.521169931,2.514778081,2.511562224,,
Eritrea,ERI,Prevalence of undernourishment (% of population),SN.ITK.DEFC.ZS,,,,,,,,,,,,,,,,,,,,,,,,,,,,,
Spain,ESP,Prevalence of undernourishment (% of population),SN.ITK.DEFC.ZS,,,,,,,,,,,2.5,2.5,2.5,2.5,2.5,2.5,2.5,2.5,2.5,2.5,2.5,2.5,2.5,2.5,2.5,2.5,2.5,,
Estonia,EST,Prevalence of undernourishment (% of population),SN.ITK.DEFC.ZS,,,,,,,,,,,5.6,5.5,5.5,5.2,4.8,4.2,3.7,3.2,2.8,2.6,2.6,2.7,2.9,2.9,2.9,2.9,2.8,,
Ethiopia,ETH,Prevalence of undernourishment (% of population),SN.ITK.DEFC.ZS,,,,,,,,,,,52,49,46.7,44.2,42,39.7,38.5,37.2,35.6,33.7,32.1,30.7,29,26.9,24.7,22.8,21.4,,
European Union,EUU,Prevalence of undernourishment (% of population),SN.ITK.DEFC.ZS,,,,,,,,,,,2.672699841,2.655642012,2.641989865,2.629829328,2.621667928,2.616598653,2.606627837,2.598323249,2.585922256,2.576373636,2.56894083,2.564589189,2.556241742,2.545401577,2.532578959,2.521109819,2.514675134,,
Fragile and conflict affected situations,FCS,Prevalence of undernourishment (% of population),SN.ITK.DEFC.ZS,,,,,,,,,,,,,,,,,,,,,,,24.41039808,24.82992785,25.34269358,25.78731646,25.95284503,,
Finland,FIN,Prevalence of undernourishment (% of population),SN.ITK.DEFC.ZS,,,,,,,,,,,2.5,2.5,2.5,2.5,2.5,2.5,2.5,2.5,2.5,2.5,2.5,2.5,2.5,2.5,2.5,2.5,2.5,,
Fiji,FJI,Prevalence of undernourishment (% of population),SN.ITK.DEFC.ZS,,,,,,,,,,,4.8,4.7,4.6,4.5,4.4,4.3,4.2,4.3,4.3,4.5,4.5,4.5,4.4,4.4,4.4,4.4,4.4,,
France,FRA,Prevalence of undernourishment (% of population),SN.ITK.DEFC.ZS,,,,,,,,,,,2.5,2.5,2.5,2.5,2.5,2.5,2.5,2.5,2.5,2.5,2.5,2.5,2.5,2.5,2.5,2.5,2.5,,
Faroe Islands,FRO,Prevalence of undernourishment (% of population),SN.ITK.DEFC.ZS,,,,,,,,,,,,,,,,,,,,,,,,,,,,,
"Micronesia, Fed. Sts.",FSM,Prevalence of undernourishment (% of population),SN.ITK.DEFC.ZS,,,,,,,,,,,,,,,,,,,,,,,,,,,,,
Gabon,GAB,Prevalence of undernourishment (% of population),SN.ITK.DEFC.ZS,,,,,,,,,,,10.5,10.8,11.3,11.4,11.2,10.9,11,11.2,11.5,11.3,10.8,10,9.4,9,8.8,9.1,9.4,,
United Kingdom,GBR,Prevalence of undernourishment (% of population),SN.ITK.DEFC.ZS,,,,,,,,,,,2.5,2.5,2.5,2.5,2.5,2.5,2.5,2.5,2.5,2.5,2.5,2.5,2.5,2.5,2.5,2.5,2.5,,
Georgia,GEO,Prevalence of undernourishment (% of population),SN.ITK.DEFC.ZS,,,,,,,,,,,13.5,13.6,11.4,9.2,7.9,7.2,7,6.8,6.7,7,7.7,8.1,8,7.6,7.5,7.4,7.4,,
Ghana,GHA,Prevalence of undernourishment (% of population),SN.ITK.DEFC.ZS,,,,,,,,,,,15.6,13.6,12,11,10.1,9.3,8.3,7.3,6.3,5.6,5.3,5.5,5.9,6.3,6.4,6.3,6.1,,
Gibraltar,GIB,Prevalence of undernourishment (% of population),SN.ITK.DEFC.ZS,,,,,,,,,,,,,,,,,,,,,,,,,,,,,
Guinea,GIN,Prevalence of undernourishment (% of population),SN.ITK.DEFC.ZS,,,,,,,,,,,26.3,25.5,24.7,23.8,22.5,21.3,20.2,19.3,18.5,18,17.6,17.3,16.9,16.8,17,18.5,19.7,,
"Gambia, The",GMB,Prevalence of undernourishment (% of population),SN.ITK.DEFC.ZS,,,,,,,,,,,13.1,12.9,13.8,14.6,15.1,15.1,14.5,12.9,11.3,10,9.3,9.1,9.4,9.7,9.9,9.8,9.6,,
Guinea-Bissau,GNB,Prevalence of undernourishment (% of population),SN.ITK.DEFC.ZS,,,,,,,,,,,25.7,24.4,24.2,24.5,24.6,24.4,24.1,23.7,23.3,22.8,22.2,22.2,22.8,24.1,25.4,26.1,26,,
Equatorial Guinea,GNQ,Prevalence of undernourishment (% of population),SN.ITK.DEFC.ZS,,,,,,,,,,,,,,,,,,,,,,,,,,,,,
Greece,GRC,Prevalence of undernourishment (% of population),SN.ITK.DEFC.ZS,,,,,,,,,,,2.5,2.5,2.5,2.5,2.5,2.5,2.5,2.5,2.5,2.5,2.5,2.5,2.5,2.5,2.5,2.5,2.5,,
Grenada,GRD,Prevalence of undernourishment (% of population),SN.ITK.DEFC.ZS,,,,,,,,,,,,,,,,,,,,,,,,,,,,,
Greenland,GRL,Prevalence of undernourishment (% of population),SN.ITK.DEFC.ZS,,,,,,,,,,,,,,,,,,,,,,,,,,,,,
Guatemala,GTM,Prevalence of undernourishment (% of population),SN.ITK.DEFC.ZS,,,,,,,,,,,20.5,18.1,16.4,15.8,15.8,15.8,15.8,15.7,15.9,15.7,15.8,15.8,16.4,16.6,16.5,16.1,15.8,,
Guam,GUM,Prevalence of undernourishment (% of population),SN.ITK.DEFC.ZS,,,,,,,,,,,,,,,,,,,,,,,,,,,,,
Guyana,GUY,Prevalence of undernourishment (% of population),SN.ITK.DEFC.ZS,,,,,,,,,,,8.3,7.9,8.1,8.5,9,9.4,10,10.6,11.2,11.4,11.2,10.5,9.5,8.7,8.1,7.8,7.5,,
High income,HIC,Prevalence of undernourishment (% of population),SN.ITK.DEFC.ZS,,,,,,,,,,,2.805832929,2.799357147,2.801707957,2.810717001,2.818151668,2.81760502,2.811276266,2.807982038,2.806752853,2.797375665,2.775713834,2.749097244,2.714683728,2.695411544,2.680481555,2.667412725,2.659918015,,
"Hong Kong SAR, China",HKG,Prevalence of undernourishment (% of population),SN.ITK.DEFC.ZS,,,,,,,,,,,2.5,2.5,2.5,2.5,2.5,2.5,2.5,2.5,2.5,2.5,2.5,2.5,2.5,2.5,2.5,2.5,2.5,,
Honduras,HND,Prevalence of undernourishment (% of population),SN.ITK.DEFC.ZS,,,,,,,,,,,19.6,18.5,17.8,17.5,17.3,17,16.3,15.7,15.3,15.2,15.2,15.2,15.3,15.4,15.6,15.5,15.3,,
Heavily indebted poor countries (HIPC),HPC,Prevalence of undernourishment (% of population),SN.ITK.DEFC.ZS,,,,,,,,,,,35.37933028,34.43971232,33.48232245,32.39008908,31.22395246,30.06325848,29.0885609,28.24236016,27.4330173,26.61268803,25.87308445,25.26212663,24.90469899,24.7038475,24.64757868,24.93933975,25.25280536,,
Croatia,HRV,Prevalence of undernourishment (% of population),SN.ITK.DEFC.ZS,,,,,,,,,,,10.4,7.8,5.8,4.4,3.5,2.9,2.5,2.5,2.5,2.5,2.5,2.6,2.5,2.5,2.5,2.5,2.5,,
Haiti,HTI,Prevalence of undernourishment (% of population),SN.ITK.DEFC.ZS,,,,,,,,,,,54.9,56,56.9,57.6,57.6,57.1,55.9,54.5,52.5,50.8,49.5,49.5,49.6,49.6,48.8,47.5,45.8,,
Hungary,HUN,Prevalence of undernourishment (% of population),SN.ITK.DEFC.ZS,,,,,,,,,,,2.5,2.5,2.5,2.5,2.5,2.5,2.5,2.5,2.5,2.5,2.5,2.5,2.5,2.5,2.5,2.5,2.5,,
IBRD only,IBD,Prevalence of undernourishment (% of population),SN.ITK.DEFC.ZS,,,,,,,,,,,14.86557364,14.99600209,15.228792,15.39205445,15.33420925,14.93551201,14.2281805,13.43530005,12.75739434,12.20424014,11.7081627,11.29189488,10.90117166,10.46236869,10.01783536,9.737683355,9.586271878,,
IDA & IBRD total,IBT,Prevalence of undernourishment (% of population),SN.ITK.DEFC.ZS,,,,,,,,,,,17.33674283,17.34520329,17.4646107,17.43580135,17.18928814,16.64558435,15.90571972,15.14161875,14.49786693,13.9642541,13.49976386,13.1176652,12.86159419,12.53079358,12.23196862,12.10067821,12.10767027,,
IDA total,IDA,Prevalence of undernourishment (% of population),SN.ITK.DEFC.ZS,,,,,,,,,,,27.6508166,27.02835952,26.56541973,25.65165821,24.55468947,23.352183,22.41670383,21.68282757,21.08799665,20.54648998,20.11450618,19.77250628,19.71925453,19.67470741,19.78121168,20.05301215,20.48246115,,
IDA blend,IDB,Prevalence of undernourishment (% of population),SN.ITK.DEFC.ZS,,,,,,,,,,,19.83939498,20.36760613,20.84861432,20.32925315,19.25684195,17.94819248,17.03689029,16.46580702,16.1337319,15.86232382,15.63330366,15.47466116,15.31108129,15.39056185,15.68836119,16.16579436,17.04763169,,
Indonesia,IDN,Prevalence of undernourishment (% of population),SN.ITK.DEFC.ZS,,,,,,,,,,,17.8,18.2,18.4,18.4,18.4,18.5,18.3,17.8,16.9,14.8,12.4,10.1,8.5,7.6,6.9,7.3,7.7,,
IDA only,IDX,Prevalence of undernourishment (% of population),SN.ITK.DEFC.ZS,,,,,,,,,,,32.33735617,31.02302806,29.99192956,28.84001218,27.72797335,26.59089871,25.64522287,24.81999099,24.0744296,23.37701724,22.83027489,22.38373133,22.28221156,22.16853992,22.16623776,22.32031105,22.48739188,,
Isle of Man,IMN,Prevalence of undernourishment (% of population),SN.ITK.DEFC.ZS,,,,,,,,,,,,,,,,,,,,,,,,,,,,,
India,IND,Prevalence of undernourishment (% of population),SN.ITK.DEFC.ZS,,,,,,,,,,,18.2,19.4,21,22.2,22.8,22.2,20.7,19.2,18.1,17.7,17.5,17.4,17.2,16.7,16,15.3,14.8,,
Not classified,INX,Prevalence of undernourishment (% of population),SN.ITK.DEFC.ZS,,,,,,,,,,,,,,,,,,,,,,,,,,,,,
Ireland,IRL,Prevalence of undernourishment (% of population),SN.ITK.DEFC.ZS,,,,,,,,,,,2.5,2.5,2.5,2.5,2.5,2.5,2.5,2.5,2.5,2.5,2.5,2.5,2.5,2.5,2.5,2.5,2.5,,
"Iran, Islamic Rep.",IRN,Prevalence of undernourishment (% of population),SN.ITK.DEFC.ZS,,,,,,,,,,,4.9,5.4,5.7,5.8,5.9,6.1,6.4,6.5,6.4,6.1,5.8,5.7,5.6,5.4,5.2,5.1,4.9,,
Iraq,IRQ,Prevalence of undernourishment (% of population),SN.ITK.DEFC.ZS,,,,,,,,,,,28.3,26.9,26.6,27.1,27.4,28.2,29.3,30,29.7,28.5,27.3,26.7,26.8,27.4,27.7,27.8,27.7,,
Iceland,ISL,Prevalence of undernourishment (% of population),SN.ITK.DEFC.ZS,,,,,,,,,,,2.5,2.5,2.5,2.5,2.5,2.5,2.5,2.5,2.5,2.5,2.5,2.5,2.5,2.5,2.5,2.5,2.5,,
Israel,ISR,Prevalence of undernourishment (% of population),SN.ITK.DEFC.ZS,,,,,,,,,,,2.5,2.5,2.5,2.5,2.5,2.5,2.5,2.5,2.5,2.5,2.5,2.5,2.5,2.5,2.5,2.5,2.5,,
Italy,ITA,Prevalence of undernourishment (% of population),SN.ITK.DEFC.ZS,,,,,,,,,,,2.5,2.5,2.5,2.5,2.5,2.5,2.5,2.5,2.5,2.5,2.5,2.5,2.5,2.5,2.5,2.5,2.5,,
Jamaica,JAM,Prevalence of undernourishment (% of population),SN.ITK.DEFC.ZS,,,,,,,,,,,7.4,6.8,6.6,6.6,6.8,7,7.3,7.7,8.2,8.6,8.8,9,9.2,9.3,9.3,9,8.9,,
Jordan,JOR,Prevalence of undernourishment (% of population),SN.ITK.DEFC.ZS,,,,,,,,,,,12.6,10.9,9,7.6,6.8,6.6,6.8,7.1,7.6,7.9,8.2,8.6,9.5,10.7,12,12.9,13.5,,
Japan,JPN,Prevalence of undernourishment (% of population),SN.ITK.DEFC.ZS,,,,,,,,,,,2.5,2.5,2.5,2.5,2.5,2.5,2.5,2.5,2.5,2.5,2.5,2.5,2.5,2.5,2.5,2.5,2.5,,
Kazakhstan,KAZ,Prevalence of undernourishment (% of population),SN.ITK.DEFC.ZS,,,,,,,,,,,5.9,5.7,5.7,5.9,6.1,5.9,5.2,4.3,3.8,3.4,3.1,2.7,2.5,2.5,2.5,2.5,2.5,,
Kenya,KEN,Prevalence of undernourishment (% of population),SN.ITK.DEFC.ZS,,,,,,,,,,,31.3,31.8,33.2,33,31.3,28.2,26.4,25.6,25.4,24.5,23.5,22.5,21.6,20.8,20.8,22.5,24.2,,
Kyrgyz Republic,KGZ,Prevalence of undernourishment (% of population),SN.ITK.DEFC.ZS,,,,,,,,,,,16.3,15.8,14.4,12,10.3,9.7,10.1,10.2,9.8,9,8.3,7.8,7.3,6.9,6.6,6.5,6.5,,
Cambodia,KHM,Prevalence of undernourishment (% of population),SN.ITK.DEFC.ZS,,,,,,,,,,,29.3,26,23.3,21.8,20.8,20,19.2,18.8,18.7,18.8,18.8,18.7,18.8,18.8,18.8,18.7,18.5,,
Kiribati,KIR,Prevalence of undernourishment (% of population),SN.ITK.DEFC.ZS,,,,,,,,,,,4.4,4.3,4.5,4.6,4.7,4.6,4.6,4.6,4.4,4.1,3.7,3.3,3.1,3.2,3.3,3.2,3.1,,
St. Kitts and Nevis,KNA,Prevalence of undernourishment (% of population),SN.ITK.DEFC.ZS,,,,,,,,,,,,,,,,,,,,,,,,,,,,,
"Korea, Rep.",KOR,Prevalence of undernourishment (% of population),SN.ITK.DEFC.ZS,,,,,,,,,,,2.5,2.5,2.5,2.5,2.5,2.5,2.5,2.5,2.5,2.5,2.5,2.5,2.5,2.5,2.5,2.5,2.5,,
Kuwait,KWT,Prevalence of undernourishment (% of population),SN.ITK.DEFC.ZS,,,,,,,,,,,2.5,2.5,2.5,2.5,2.5,2.5,2.5,2.5,2.5,2.5,2.5,2.5,2.5,2.5,2.5,2.5,2.5,,
Latin America & Caribbean (excluding high income),LAC,Prevalence of undernourishment (% of population),SN.ITK.DEFC.ZS,,,,,,,,,,,12.14357448,11.52689568,10.97618832,10.44754724,9.85485651,9.116522894,8.413127108,7.77359111,7.365135959,7.142525757,6.962666756,6.800633282,6.679095123,6.55707328,6.459211682,6.377274769,6.317837239,,
Lao PDR,LAO,Prevalence of undernourishment (% of population),SN.ITK.DEFC.ZS,,,,,,,,,,,37.7,36,33.9,31.4,29.1,27,25.9,24.7,23.9,22.3,21.1,19.6,18.7,17.7,17.2,16.7,16.6,,
Lebanon,LBN,Prevalence of undernourishment (% of population),SN.ITK.DEFC.ZS,,,,,,,,,,,2.5,2.5,2.5,2.9,3.3,3.4,3.4,3.4,3.5,3.8,4.5,5.9,7.6,9.3,10.5,10.9,10.9,,
Liberia,LBR,Prevalence of undernourishment (% of population),SN.ITK.DEFC.ZS,,,,,,,,,,,38.4,39.8,40.6,40.7,40,39.4,39,38.2,37.3,36.5,36.5,36.7,37.2,37.6,38,38.4,38.8,,
Libya,LBY,Prevalence of undernourishment (% of population),SN.ITK.DEFC.ZS,,,,,,,,,,,,,,,,,,,,,,,,,,,,,
St. Lucia,LCA,Prevalence of undernourishment (% of population),SN.ITK.DEFC.ZS,,,,,,,,,,,,,,,,,,,,,,,,,,,,,
Latin America & Caribbean,LCN,Prevalence of undernourishment (% of population),SN.ITK.DEFC.ZS,,,,,,,,,,,11.95762269,11.35125727,10.80726535,10.29963099,9.735819308,9.022387291,8.333532355,7.704993676,7.305060036,7.083402062,6.900370319,6.729078903,6.596789761,6.470399943,6.368870636,6.281403104,6.223207898,,
Least developed countries: UN classification,LDC,Prevalence of undernourishment (% of population),SN.ITK.DEFC.ZS,,,,,,,,,,,34.76961973,33.37699626,32.25908194,30.99834386,29.79529898,28.56443069,27.52586988,26.59391261,25.73524691,24.93370172,24.31178412,23.78456076,23.51607951,23.25977357,23.13925777,23.24428662,23.41132493,,
Low income,LIC,Prevalence of undernourishment (% of population),SN.ITK.DEFC.ZS,,,,,,,,,,,36.7905208,35.98503005,35.00952189,33.86695633,32.65928292,31.53828786,30.68820663,29.92425703,29.18825066,28.3650317,27.65366763,27.07300878,26.80208685,26.83334469,27.06133325,27.60289081,28.06767805,,
Liechtenstein,LIE,Prevalence of undernourishment (% of population),SN.ITK.DEFC.ZS,,,,,,,,,,,,,,,,,,,,,,,,,,,,,
Sri Lanka,LKA,Prevalence of undernourishment (% of population),SN.ITK.DEFC.ZS,,,,,,,,,,,18.6,18.5,18.9,18.9,18.6,18.2,17.4,16.5,15.4,14.5,13.8,13.1,12.3,11.6,11,10.8,10.9,,
Lower middle income,LMC,Prevalence of undernourishment (% of population),SN.ITK.DEFC.ZS,,,,,,,,,,,19.33318463,19.66034239,20.24978038,20.49181217,20.40339218,19.72395888,18.64819836,17.60955268,16.7806792,16.2278429,15.79541403,15.44159327,15.23757065,14.83323327,14.40060706,14.11354537,14.03354274,,
Low & middle income,LMY,Prevalence of undernourishment (% of population),SN.ITK.DEFC.ZS,,,,,,,,,,,17.5664689,17.57299924,17.6867827,17.65274098,17.40152882,16.86000978,16.12428654,15.36468898,14.72308403,14.18860983,13.72185655,13.33696117,13.0775641,12.74450288,12.44558083,12.3148397,12.32280771,,
Lesotho,LSO,Prevalence of undernourishment (% of population),SN.ITK.DEFC.ZS,,,,,,,,,,,13.6,13,12.6,12.3,11.9,11.7,11.7,12,12.3,12.5,12.7,13.1,13.3,13.3,13.1,12.9,12.8,,
Late-demographic dividend,LTE,Prevalence of undernourishment (% of population),SN.ITK.DEFC.ZS,,,,,,,,,,,14.27713799,13.94297938,13.51821746,13.18327897,12.79689141,12.4493783,12.0368859,11.47346929,10.93495911,10.37604403,9.822632082,9.325921416,8.837389288,8.350814848,7.938513968,7.710211145,7.621483274,,
Lithuania,LTU,Prevalence of undernourishment (% of population),SN.ITK.DEFC.ZS,,,,,,,,,,,2.5,2.5,2.5,2.5,2.5,2.5,2.5,2.5,2.5,2.5,2.5,2.5,2.5,2.5,2.5,2.5,2.5,,
Luxembourg,LUX,Prevalence of undernourishment (% of population),SN.ITK.DEFC.ZS,,,,,,,,,,,2.5,2.5,2.5,2.5,2.5,2.5,2.5,2.5,2.5,2.5,2.5,2.5,2.5,2.5,2.5,2.5,2.5,,
Latvia,LVA,Prevalence of undernourishment (% of population),SN.ITK.DEFC.ZS,,,,,,,,,,,5.3,4.5,3.6,2.9,2.5,2.5,2.5,2.5,2.5,2.5,2.5,2.5,2.5,2.5,2.5,2.5,2.5,,
"Macao SAR, China",MAC,Prevalence of undernourishment (% of population),SN.ITK.DEFC.ZS,,,,,,,,,,,22.6,21.9,20.2,18.1,16,14.6,14,13.8,14,14,13.7,13.2,12.6,12.2,11.9,11.6,11.4,,
St. Martin (French part),MAF,Prevalence of undernourishment (% of population),SN.ITK.DEFC.ZS,,,,,,,,,,,,,,,,,,,,,,,,,,,,,
Morocco,MAR,Prevalence of undernourishment (% of population),SN.ITK.DEFC.ZS,,,,,,,,,,,6.8,6.7,6.4,6,5.7,5.7,5.6,5.5,5.5,5.4,5.2,4.9,4.6,4.2,4,3.9,3.9,,
Monaco,MCO,Prevalence of undernourishment (% of population),SN.ITK.DEFC.ZS,,,,,,,,,,,,,,,,,,,,,,,,,,,,,
Moldova,MDA,Prevalence of undernourishment (% of population),SN.ITK.DEFC.ZS,,,,,,,,,,,,,,,,,,,,,,,,,,,,,
Madagascar,MDG,Prevalence of undernourishment (% of population),SN.ITK.DEFC.ZS,,,,,,,,,,,34.4,35.5,37,37.5,36.9,35,33.5,32.4,32.2,31.9,31.8,32,33.3,35.5,38.4,41.1,43.1,,
Maldives,MDV,Prevalence of undernourishment (% of population),SN.ITK.DEFC.ZS,,,,,,,,,,,14,14.6,15.5,16.6,17.6,18.2,18.1,17,15.2,13.2,11.7,11,11,11.1,11.2,11,11,,
Middle East & North Africa,MEA,Prevalence of undernourishment (% of population),SN.ITK.DEFC.ZS,,,,,,,,,,,9.440433859,9.386199874,9.448079873,9.526363573,9.588135681,9.617262558,9.569633468,9.449135952,9.280007952,8.964543836,8.651409861,8.438292494,8.366020737,8.493127287,8.687285838,8.938684047,9.106840935,,
Mexico,MEX,Prevalence of undernourishment (% of population),SN.ITK.DEFC.ZS,,,,,,,,,,,4.4,4.4,4.8,5.5,5.8,5.5,5,4.7,4.7,4.7,4.6,4.6,4.6,4.4,4.2,4,3.8,,
Marshall Islands,MHL,Prevalence of undernourishment (% of population),SN.ITK.DEFC.ZS,,,,,,,,,,,,,,,,,,,,,,,,,,,,,
Middle income,MIC,Prevalence of undernourishment (% of population),SN.ITK.DEFC.ZS,,,,,,,,,,,16.10465048,16.15253716,16.33015995,16.36351767,16.16992398,15.65754362,14.91574065,14.13900821,13.4879306,12.96091093,12.49808066,12.11310235,11.84564642,11.46172207,11.09539861,10.88148638,10.8241924,,
North Macedonia,MKD,Prevalence of undernourishment (% of population),SN.ITK.DEFC.ZS,,,,,,,,,,,7.9,8.8,8.4,7.7,6.7,6.1,5.3,4.5,4.1,4.1,4.4,4.6,4.6,4.5,4.4,4.2,4.1,,
Mali,MLI,Prevalence of undernourishment (% of population),SN.ITK.DEFC.ZS,,,,,,,,,,,14.6,14,13.5,12.9,12.2,11.1,9.8,8.6,7.7,7.2,6.9,6.7,6.4,6.1,5.9,5.9,6,,
Malta,MLT,Prevalence of undernourishment (% of population),SN.ITK.DEFC.ZS,,,,,,,,,,,2.5,2.5,2.5,2.5,2.5,2.5,2.5,2.5,2.5,2.5,2.5,2.5,2.5,2.5,2.5,2.5,2.5,,
Myanmar,MMR,Prevalence of undernourishment (% of population),SN.ITK.DEFC.ZS,,,,,,,,,,,48.3,44.9,41.3,38.2,35.3,32,28.5,24.9,21.6,19,16.9,15.3,13.9,12.6,11.5,10.8,10.5,,
Middle East & North Africa (excluding high income),MNA,Prevalence of undernourishment (% of population),SN.ITK.DEFC.ZS,,,,,,,,,,,10.01292392,9.937222745,9.962328567,10.00659862,10.05585427,10.09459114,10.0673883,9.941656371,9.763040232,9.428740496,9.135563871,8.960444472,8.962659793,9.151174807,9.407624656,9.714718075,9.9287959,,
Montenegro,MNE,Prevalence of undernourishment (% of population),SN.ITK.DEFC.ZS,,,,,,,,,,,,,,,,,2.5,2.5,2.5,2.5,2.5,2.5,2.5,2.5,2.5,2.5,2.5,,
Mongolia,MNG,Prevalence of undernourishment (% of population),SN.ITK.DEFC.ZS,,,,,,,,,,,35.1,33.4,32.7,32.5,32.2,31,29.1,26.6,24.2,22.2,20.8,19.5,18.6,18.1,18.2,18.5,18.7,,
Northern Mariana Islands,MNP,Prevalence of undernourishment (% of population),SN.ITK.DEFC.ZS,,,,,,,,,,,,,,,,,,,,,,,,,,,,,
Mozambique,MOZ,Prevalence of undernourishment (% of population),SN.ITK.DEFC.ZS,,,,,,,,,,,40.3,40.2,39.2,38.2,37.5,37,35.9,35,33.4,31.9,30,28.9,28.6,29.1,29.8,30.4,30.5,,
Mauritania,MRT,Prevalence of undernourishment (% of population),SN.ITK.DEFC.ZS,,,,,,,,,,,11.6,11.4,11.4,11.5,12.1,12.1,11.5,10.2,9.3,8.7,8.2,7.8,7.2,7.1,7.2,9.4,11.3,,
Mauritius,MUS,Prevalence of undernourishment (% of population),SN.ITK.DEFC.ZS,,,,,,,,,,,6.6,6.3,6,5.7,5.5,5.2,5.2,5,4.9,4.7,4.8,5.1,5.4,5.5,5.5,5.6,5.8,,
Malawi,MWI,Prevalence of undernourishment (% of population),SN.ITK.DEFC.ZS,,,,,,,,,,,27.1,26.4,27,27.4,27.3,26.1,24.5,23.2,22.3,22,21.8,21.7,21.7,22.1,23.2,24.5,26.3,,
Malaysia,MYS,Prevalence of undernourishment (% of population),SN.ITK.DEFC.ZS,,,,,,,,,,,2.8,3.2,3.5,3.7,3.8,3.9,4.1,4.2,4.2,4,3.7,3.5,3.4,3.2,3,2.9,2.9,,
North America,NAC,Prevalence of undernourishment (% of population),SN.ITK.DEFC.ZS,,,,,,,,,,,2.5,2.5,2.5,2.5,2.5,2.5,2.5,2.5,2.5,2.5,2.5,2.5,2.5,2.5,2.5,2.5,2.5,,
Namibia,NAM,Prevalence of undernourishment (% of population),SN.ITK.DEFC.ZS,,,,,,,,,,,26.2,24.4,24.3,24.3,24.5,25.1,26.7,29.5,33.3,36.4,37.4,36.1,33.5,30.5,28,26.1,25.4,,
New Caledonia,NCL,Prevalence of undernourishment (% of population),SN.ITK.DEFC.ZS,,,,,,,,,,,7.6,7.5,7.6,7.8,8,8.2,8.2,8.2,8.1,8,7.7,7.5,7.3,7.6,8.3,9.8,11.6,,
Niger,NER,Prevalence of undernourishment (% of population),SN.ITK.DEFC.ZS,,,,,,,,,,,21.6,19.7,18.5,17.1,15.9,15.1,14.4,13.5,12.4,11.7,11.3,10.9,10.6,10.3,10.2,12.3,14.4,,
Nigeria,NGA,Prevalence of undernourishment (% of population),SN.ITK.DEFC.ZS,,,,,,,,,,,9.3,9,9,8.3,7.4,6.5,6.1,6,6,6.1,6.2,6.5,6.7,7.1,7.8,9,11.5,,
Nicaragua,NIC,Prevalence of undernourishment (% of population),SN.ITK.DEFC.ZS,,,,,,,,,,,32.6,29.3,27.4,26.2,25.4,24.4,23.4,22.6,22.1,21.6,20.9,20,19,17.8,17,16.4,16.2,,
Netherlands,NLD,Prevalence of undernourishment (% of population),SN.ITK.DEFC.ZS,,,,,,,,,,,2.5,2.5,2.5,2.5,2.5,2.5,2.5,2.5,2.5,2.5,2.5,2.5,2.5,2.5,2.5,2.5,2.5,,
Norway,NOR,Prevalence of undernourishment (% of population),SN.ITK.DEFC.ZS,,,,,,,,,,,2.5,2.5,2.5,2.5,2.5,2.5,2.5,2.5,2.5,2.5,2.5,2.5,2.5,2.5,2.5,2.5,2.5,,
Nepal,NPL,Prevalence of undernourishment (% of population),SN.ITK.DEFC.ZS,,,,,,,,,,,22,21.4,20.4,18.7,17.2,16,15.2,14,12.6,11.2,10.1,9.4,9.2,9.3,9.4,9.5,9.5,,
Nauru,NRU,Prevalence of undernourishment (% of population),SN.ITK.DEFC.ZS,,,,,,,,,,,,,,,,,,,,,,,,,,,,,
New Zealand,NZL,Prevalence of undernourishment (% of population),SN.ITK.DEFC.ZS,,,,,,,,,,,2.5,2.5,2.5,2.5,2.5,2.5,2.5,2.5,2.5,2.5,2.5,2.5,2.5,2.5,2.5,2.5,2.5,,
OECD members,OED,Prevalence of undernourishment (% of population),SN.ITK.DEFC.ZS,,,,,,,,,,,2.716846495,2.714844892,2.7455382,2.805117733,2.829648746,2.802658706,2.757637969,2.732253122,2.733746642,2.7338445,2.724130325,2.722451381,2.720530612,2.700856937,2.67999092,2.656082594,2.636862802,,
Oman,OMN,Prevalence of undernourishment (% of population),SN.ITK.DEFC.ZS,,,,,,,,,,,11.9,11.5,11.7,11.7,11.3,10.5,9.5,8.3,7.1,6.1,5.6,5.3,5.1,5.1,5.1,5.3,5.4,,
Other small states,OSS,Prevalence of undernourishment (% of population),SN.ITK.DEFC.ZS,,,,,,,,,,,18.57916318,17.71762081,17.3678713,17.08962858,16.86430161,16.75585049,16.40738569,16.55324411,16.73908593,16.74942556,16.4715328,16.00033389,15.55363909,15.22533222,15.0890586,15.08118121,15.19655815,,
Pakistan,PAK,Prevalence of undernourishment (% of population),SN.ITK.DEFC.ZS,,,,,,,,,,,23.4,24.8,25.8,25.5,24.5,23.3,22.4,21.7,21.3,21.1,21.1,21.1,21,21.1,21.2,20.9,20.5,,
Panama,PAN,Prevalence of undernourishment (% of population),SN.ITK.DEFC.ZS,,,,,,,,,,,27.7,26.2,24.3,23.3,23.8,22.9,21,18.3,16.3,14.7,13.2,11.8,10.5,9.7,9.1,9.2,9.2,,
Peru,PER,Prevalence of undernourishment (% of population),SN.ITK.DEFC.ZS,,,,,,,,,,,21.8,21.7,22.3,22.6,21.6,19.6,17.6,15.7,14.2,12.6,11.2,10.2,9.5,9.3,9.3,9,8.8,,
Philippines,PHL,Prevalence of undernourishment (% of population),SN.ITK.DEFC.ZS,,,,,,,,,,,20.4,19.7,19.1,18.5,17.4,16.3,15.2,14.1,13.3,13,13.3,13.7,14.1,14.2,14.2,13.9,13.7,,
Palau,PLW,Prevalence of undernourishment (% of population),SN.ITK.DEFC.ZS,,,,,,,,,,,,,,,,,,,,,,,,,,,,,
Papua New Guinea,PNG,Prevalence of undernourishment (% of population),SN.ITK.DEFC.ZS,,,,,,,,,,,,,,,,,,,,,,,,,,,,,
Poland,POL,Prevalence of undernourishment (% of population),SN.ITK.DEFC.ZS,,,,,,,,,,,2.5,2.5,2.5,2.5,2.5,2.5,2.5,2.5,2.5,2.5,2.5,2.5,2.5,2.5,2.5,2.5,2.5,,
Pre-demographic dividend,PRE,Prevalence of undernourishment (% of population),SN.ITK.DEFC.ZS,,,,,,,,,,,27.01185974,26.71209277,26.37702029,25.58333776,24.5283068,23.46953137,22.69257876,22.14934032,21.69244422,21.19616033,20.73565969,20.39281591,20.51838119,20.5946026,20.93568521,21.78717854,22.94087301,,
Puerto Rico,PRI,Prevalence of undernourishment (% of population),SN.ITK.DEFC.ZS,,,,,,,,,,,,,,,,,,,,,,,,,,,,,
"Korea, Dem. People’s Rep.",PRK,Prevalence of undernourishment (% of population),SN.ITK.DEFC.ZS,,,,,,,,,,,37.5,37.1,35.5,34.5,34.1,35.4,37.3,39.3,40.8,41.5,41.8,41.7,41.6,41.7,42.3,42.8,43.4,,
Portugal,PRT,Prevalence of undernourishment (% of population),SN.ITK.DEFC.ZS,,,,,,,,,,,2.5,2.5,2.5,2.5,2.5,2.5,2.5,2.5,2.5,2.5,2.5,2.5,2.5,2.5,2.5,2.5,2.5,,
Paraguay,PRY,Prevalence of undernourishment (% of population),SN.ITK.DEFC.ZS,,,,,,,,,,,12.9,12.2,11.5,11,11.2,11.9,12.4,12.6,12.8,12.7,12.2,11.9,12,12.3,12.2,11.7,11.2,,
West Bank and Gaza,PSE,Prevalence of undernourishment (% of population),SN.ITK.DEFC.ZS,,,,,,,,,,,,,,,,,,,,,,,,,,,,,
Pacific island small states,PSS,Prevalence of undernourishment (% of population),SN.ITK.DEFC.ZS,,,,,,,,,,,7.733457632,7.49035579,7.223208402,6.97415416,6.754298974,6.567727385,6.36252076,6.321656272,6.198461073,6.234373493,6.206304901,6.36184646,6.623522575,6.947461405,7.076044857,6.988274758,6.925420501,,
Post-demographic dividend,PST,Prevalence of undernourishment (% of population),SN.ITK.DEFC.ZS,,,,,,,,,,,2.679365778,2.617473288,2.574403558,2.559511058,2.553536993,2.544730178,2.535251959,2.533013462,2.529971595,2.528717563,2.527727032,2.526395852,2.522828586,2.518439072,2.514142506,2.527170595,2.541380302,,
French Polynesia,PYF,Prevalence of undernourishment (% of population),SN.ITK.DEFC.ZS,,,,,,,,,,,4.6,4.3,4,3.9,3.9,3.9,4,4,4.1,4.1,4.2,4.2,4.1,4.2,4.2,4.3,4.4,,
Qatar,QAT,Prevalence of undernourishment (% of population),SN.ITK.DEFC.ZS,,,,,,,,,,,,,,,,,,,,,,,,,,,,,
Romania,ROU,Prevalence of undernourishment (% of population),SN.ITK.DEFC.ZS,,,,,,,,,,,2.5,2.5,2.5,2.5,2.5,2.5,2.5,2.5,2.5,2.5,2.5,2.5,2.5,2.5,2.5,2.5,2.5,,
Russian Federation,RUS,Prevalence of undernourishment (% of population),SN.ITK.DEFC.ZS,,,,,,,,,,,5.1,4.4,3.7,3.1,2.6,2.5,2.5,2.5,2.5,2.5,2.5,2.5,2.5,2.5,2.5,2.5,2.5,,
Rwanda,RWA,Prevalence of undernourishment (% of population),SN.ITK.DEFC.ZS,,,,,,,,,,,55.6,50,46,45.4,45.5,45.3,44,42,39.5,36.9,35,33.5,32.3,31.6,32.1,34,36.1,,
South Asia,SAS,Prevalence of undernourishment (% of population),SN.ITK.DEFC.ZS,,,,,,,,,,,19.45807542,20.32564006,21.55716863,22.292358,22.5247234,21.83171062,20.50429803,19.21639023,18.27580369,17.91251319,17.75312707,17.67500121,17.5304749,17.18930916,16.69278929,16.11415341,15.67172002,,
Saudi Arabia,SAU,Prevalence of undernourishment (% of population),SN.ITK.DEFC.ZS,,,,,,,,,,,6.1,6.4,7,7.6,7.9,7.9,7.7,7.7,7.7,7.6,7,6.4,5.7,5.5,5.4,5.5,5.5,,
Sudan,SDN,Prevalence of undernourishment (% of population),SN.ITK.DEFC.ZS,,,,,,,,,,,,,,,,,,,,,,,25.4,25.2,25.1,25.1,25.2,,
Senegal,SEN,Prevalence of undernourishment (% of population),SN.ITK.DEFC.ZS,,,,,,,,,,,28.7,27.6,26.7,25.2,23.4,21.6,19.2,16.9,14.7,13.6,13.1,13,12.7,12.4,12.2,11.7,11.3,,
Singapore,SGP,Prevalence of undernourishment (% of population),SN.ITK.DEFC.ZS,,,,,,,,,,,,,,,,,,,,,,,,,,,,,
Solomon Islands,SLB,Prevalence of undernourishment (% of population),SN.ITK.DEFC.ZS,,,,,,,,,,,15,14.5,13.6,12.9,12.3,11.9,11.4,11.2,10.9,10.7,10.6,11.1,12.1,13,13.2,12.7,12.3,,
Sierra Leone,SLE,Prevalence of undernourishment (% of population),SN.ITK.DEFC.ZS,,,,,,,,,,,39.6,40.3,40,39.6,38.8,37,34.6,32.2,30.4,28.7,27,25.2,24.5,24.7,25.4,25.7,25.5,,
El Salvador,SLV,Prevalence of undernourishment (% of population),SN.ITK.DEFC.ZS,,,,,,,,,,,11,9.3,8.9,9.3,10,10.5,10.8,11,11.4,11.9,12.4,12.5,12.3,11.8,11.3,11,10.3,,
San Marino,SMR,Prevalence of undernourishment (% of population),SN.ITK.DEFC.ZS,,,,,,,,,,,,,,,,,,,,,,,,,,,,,
Somalia,SOM,Prevalence of undernourishment (% of population),SN.ITK.DEFC.ZS,,,,,,,,,,,,,,,,,,,,,,,,,,,,,
Serbia,SRB,Prevalence of undernourishment (% of population),SN.ITK.DEFC.ZS,,,,,,,,,,,,,,,,,6,6,6,5.9,5.9,6,6.1,6,6,5.7,5.6,,
Sub-Saharan Africa (excluding high income),SSA,Prevalence of undernourishment (% of population),SN.ITK.DEFC.ZS,,,,,,,,,,,27.57324726,26.87768525,26.35505513,25.51156986,24.50935683,23.45870675,22.74424064,22.23073214,21.75245349,21.18830162,20.65662929,20.20874575,20.087545,19.86433597,19.88225943,20.37609441,21.16523412,,
South Sudan,SSD,Prevalence of undernourishment (% of population),SN.ITK.DEFC.ZS,,,,,,,,,,,,,,,,,,,,,,,,,,,,,
Sub-Saharan Africa,SSF,Prevalence of undernourishment (% of population),SN.ITK.DEFC.ZS,,,,,,,,,,,27.57324726,26.87768525,26.35505513,25.51156986,24.50935683,23.45870675,22.74424064,22.23073214,21.75245349,21.18830162,20.65662929,20.20874575,20.087545,19.86433597,19.88225943,20.37609441,21.16523412,,
Small states,SST,Prevalence of undernourishment (% of population),SN.ITK.DEFC.ZS,,,,,,,,,,,15.55137312,14.83561887,14.55861113,14.38099089,14.25129084,14.17533537,13.99153005,14.11681031,14.29019095,14.32644262,14.11876676,13.75904156,13.41400255,13.15655052,13.02691349,12.96180499,13.00710191,,
Sao Tome and Principe,STP,Prevalence of undernourishment (% of population),SN.ITK.DEFC.ZS,,,,,,,,,,,17.8,14.5,12.3,10.9,9.9,9.4,9.4,10.1,11.3,12.9,14.6,15.5,14.8,12.9,10.7,9.8,10.2,,
Suriname,SUR,Prevalence of undernourishment (% of population),SN.ITK.DEFC.ZS,,,,,,,,,,,13,12.9,12.4,12.1,11.6,10.9,10.3,9.7,9.1,8.4,8,8.1,8.2,8.1,7.8,7.6,7.6,,
Slovak Republic,SVK,Prevalence of undernourishment (% of population),SN.ITK.DEFC.ZS,,,,,,,,,,,5.9,6.5,6.7,6.5,6.3,6.2,6.1,5.9,5.4,4.8,4.3,4.1,3.9,3.7,3.3,2.9,2.7,,
Slovenia,SVN,Prevalence of undernourishment (% of population),SN.ITK.DEFC.ZS,,,,,,,,,,,2.5,2.5,2.5,2.5,2.5,2.5,2.5,2.5,2.5,2.5,2.5,2.5,2.5,2.5,2.5,2.5,2.5,,
Sweden,SWE,Prevalence of undernourishment (% of population),SN.ITK.DEFC.ZS,,,,,,,,,,,2.5,2.5,2.5,2.5,2.5,2.5,2.5,2.5,2.5,2.5,2.5,2.5,2.5,2.5,2.5,2.5,2.5,,
Eswatini,SWZ,Prevalence of undernourishment (% of population),SN.ITK.DEFC.ZS,,,,,,,,,,,19.2,17.4,16,15.3,15.5,17,19.1,21.2,22.6,23.3,23.2,22.7,22.1,21.5,21.3,21,20.7,,
Sint Maarten (Dutch part),SXM,Prevalence of undernourishment (% of population),SN.ITK.DEFC.ZS,,,,,,,,,,,,,,,,,,,,,,,,,,,,,
Seychelles,SYC,Prevalence of undernourishment (% of population),SN.ITK.DEFC.ZS,,,,,,,,,,,,,,,,,,,,,,,,,,,,,
Syrian Arab Republic,SYR,Prevalence of undernourishment (% of population),SN.ITK.DEFC.ZS,,,,,,,,,,,,,,,,,,,,,,,,,,,,,
Turks and Caicos Islands,TCA,Prevalence of undernourishment (% of population),SN.ITK.DEFC.ZS,,,,,,,,,,,,,,,,,,,,,,,,,,,,,
Chad,TCD,Prevalence of undernourishment (% of population),SN.ITK.DEFC.ZS,,,,,,,,,,,40.1,39.8,39.7,39.1,39.1,39.2,39.8,40.3,40.7,40.8,40,38.9,37.7,37.1,37,38.4,39.7,,
East Asia & Pacific (IDA & IBRD countries),TEA,Prevalence of undernourishment (% of population),SN.ITK.DEFC.ZS,,,,,,,,,,,17.66212228,17.39806671,17.08728696,16.85718234,16.48784223,16.06930639,15.53569094,14.76853334,13.97674169,13.01829998,12.05358517,11.20813164,10.48415969,9.837835024,9.288995553,9.076765252,9.021730153,,
Europe & Central Asia (IDA & IBRD countries),TEC,Prevalence of undernourishment (% of population),SN.ITK.DEFC.ZS,,,,,,,,,,,5.685519074,5.38400864,4.981490639,4.541356892,4.113040068,3.814417862,3.630178373,3.485569237,3.394879483,3.331084092,3.277561009,3.209876507,3.14322778,3.105202652,3.090558784,3.116400421,3.166665849,,
Togo,TGO,Prevalence of undernourishment (% of population),SN.ITK.DEFC.ZS,,,,,,,,,,,31.1,30.5,29.8,28.6,27.2,26,24.9,23.9,22.9,22,21,20.1,19.1,18.1,17.2,16.2,16.2,,
Thailand,THA,Prevalence of undernourishment (% of population),SN.ITK.DEFC.ZS,,,,,,,,,,,18.8,18.3,17.1,15.8,14.2,12.5,11,10.3,10,9.8,9.2,8.8,8.8,9,9.2,9.2,9,,
Tajikistan,TJK,Prevalence of undernourishment (% of population),SN.ITK.DEFC.ZS,,,,,,,,,,,,,,,,,,,,,,,,,,,,,
Turkmenistan,TKM,Prevalence of undernourishment (% of population),SN.ITK.DEFC.ZS,,,,,,,,,,,8.2,7.6,6.9,6,5.3,4.8,4.6,4.4,4.5,4.6,4.8,4.9,4.9,4.8,4.8,5.1,5.5,,
Latin America & the Caribbean (IDA & IBRD countries),TLA,Prevalence of undernourishment (% of population),SN.ITK.DEFC.ZS,,,,,,,,,,,12.14323085,11.54071091,10.98887132,10.46817481,9.890285063,9.159993342,8.455032778,7.81196356,7.402496787,7.175156079,6.987400597,6.811841525,6.676262992,6.546853447,6.442887928,6.353175371,6.293251253,,
Timor-Leste,TLS,Prevalence of undernourishment (% of population),SN.ITK.DEFC.ZS,,,,,,,,,,,40.4,35.6,31.8,30.5,30.6,31.3,31.5,31.5,31,30.5,29.2,27.9,26.8,26.6,26.8,27.1,27.2,,
Middle East & North Africa (IDA & IBRD countries),TMN,Prevalence of undernourishment (% of population),SN.ITK.DEFC.ZS,,,,,,,,,,,10.01292392,9.937222745,9.962328567,10.00659862,10.05585427,10.09459114,10.0673883,9.941656371,9.763040232,9.428740496,9.135563871,8.960444472,8.962659793,9.151174807,9.407624656,9.714718075,9.9287959,,
Tonga,TON,Prevalence of undernourishment (% of population),SN.ITK.DEFC.ZS,,,,,,,,,,,,,,,,,,,,,,,,,,,,,
South Asia (IDA & IBRD),TSA,Prevalence of undernourishment (% of population),SN.ITK.DEFC.ZS,,,,,,,,,,,19.45807542,20.32564006,21.55716863,22.292358,22.5247234,21.83171062,20.50429803,19.21639023,18.27580369,17.91251319,17.75312707,17.67500121,17.5304749,17.18930916,16.69278929,16.11415341,15.67172002,,
Sub-Saharan Africa (IDA & IBRD countries),TSS,Prevalence of undernourishment (% of population),SN.ITK.DEFC.ZS,,,,,,,,,,,27.57324726,26.87768525,26.35505513,25.51156986,24.50935683,23.45870675,22.74424064,22.23073214,21.75245349,21.18830162,20.65662929,20.20874575,20.087545,19.86433597,19.88225943,20.37609441,21.16523412,,
Trinidad and Tobago,TTO,Prevalence of undernourishment (% of population),SN.ITK.DEFC.ZS,,,,,,,,,,,11.6,11.2,11.3,11.8,12,11.8,11.3,10.7,10.4,10.1,9.6,8.6,7.5,6.6,6,5.5,4.9,,
Tunisia,TUN,Prevalence of undernourishment (% of population),SN.ITK.DEFC.ZS,,,,,,,,,,,4.9,5.2,5.6,5.6,5.6,5.6,5.5,5.4,5.2,5,4.8,4.6,4.5,4.5,4.5,4.7,4.9,,
Turkey,TUR,Prevalence of undernourishment (% of population),SN.ITK.DEFC.ZS,,,,,,,,,,,2.5,2.5,2.5,2.5,2.5,2.5,2.5,2.5,2.5,2.5,2.5,2.5,2.5,2.5,2.5,2.5,2.5,,
Tuvalu,TUV,Prevalence of undernourishment (% of population),SN.ITK.DEFC.ZS,,,,,,,,,,,,,,,,,,,,,,,,,,,,,
Tanzania,TZA,Prevalence of undernourishment (% of population),SN.ITK.DEFC.ZS,,,,,,,,,,,36.5,36.9,36.8,36.8,35.7,34.4,33.4,33.2,34.1,34.5,34.6,33.6,33,32.6,32.2,32.1,32,,
Uganda,UGA,Prevalence of undernourishment (% of population),SN.ITK.DEFC.ZS,,,,,,,,,,,27.7,27.4,26.4,24.9,23.7,24.1,25.8,28.1,29.6,30.4,30.9,31.6,32.4,33.7,35.5,38.6,41.4,,
Ukraine,UKR,Prevalence of undernourishment (% of population),SN.ITK.DEFC.ZS,,,,,,,,,,,4.5,3.6,2.8,2.5,2.5,2.5,2.5,2.5,2.5,2.5,2.5,2.5,2.5,2.5,2.5,2.9,3.3,,
Upper middle income,UMC,Prevalence of undernourishment (% of population),SN.ITK.DEFC.ZS,,,,,,,,,,,12.96143022,12.70668178,12.4447362,12.23442185,11.89779712,11.51779129,11.09505871,10.55458897,10.057398,9.528783137,9.005052659,8.55910242,8.148410323,7.760281837,7.441607573,7.283900751,7.22810126,,
Uruguay,URY,Prevalence of undernourishment (% of population),SN.ITK.DEFC.ZS,,,,,,,,,,,4.2,4.1,4.1,4.2,4.3,4.3,4,3.5,3,2.7,2.5,2.5,2.5,2.5,2.5,2.5,2.5,,
United States,USA,Prevalence of undernourishment (% of population),SN.ITK.DEFC.ZS,,,,,,,,,,,2.5,2.5,2.5,2.5,2.5,2.5,2.5,2.5,2.5,2.5,2.5,2.5,2.5,2.5,2.5,2.5,2.5,,
Uzbekistan,UZB,Prevalence of undernourishment (% of population),SN.ITK.DEFC.ZS,,,,,,,,,,,16.2,18.8,19.8,18.9,16.9,14.5,12.4,11.1,10.3,9.7,9,8.2,7.6,7.4,7.4,7.3,7.4,,
St. Vincent and the Grenadines,VCT,Prevalence of undernourishment (% of population),SN.ITK.DEFC.ZS,,,,,,,,,,,16.7,14.8,12.7,11.1,9.8,9.1,8.4,7.8,7.4,7,6.7,6.4,6.1,6,5.9,5.9,5.7,,
"Venezuela, RB",VEN,Prevalence of undernourishment (% of population),SN.ITK.DEFC.ZS,,,,,,,,,,,16.4,16.3,16.8,15.2,13.1,10.5,8.4,6,4,3.1,3.1,3.6,4.7,6.1,7.9,9.8,11.7,,
British Virgin Islands,VGB,Prevalence of undernourishment (% of population),SN.ITK.DEFC.ZS,,,,,,,,,,,,,,,,,,,,,,,,,,,,,
Virgin Islands (U.S.),VIR,Prevalence of undernourishment (% of population),SN.ITK.DEFC.ZS,,,,,,,,,,,,,,,,,,,,,,,,,,,,,
Vietnam,VNM,Prevalence of undernourishment (% of population),SN.ITK.DEFC.ZS,,,,,,,,,,,24.3,22.5,20.7,19.3,18.5,18.2,17.6,16.7,15.5,14.5,13.6,13,12.6,12.1,11.6,11.1,10.8,,
Vanuatu,VUT,Prevalence of undernourishment (% of population),SN.ITK.DEFC.ZS,,,,,,,,,,,8.2,8.1,8,7.7,7.4,7,6.6,6.1,5.8,5.8,5.9,6.1,6.3,6.5,6.7,6.9,7.1,,
World,WLD,Prevalence of undernourishment (% of population),SN.ITK.DEFC.ZS,,,,,,,,,,,14.8,14.9,15.1,15.1,14.8,14.5,13.8,13.1,12.6,12.2,11.8,11.5,11.3,11,10.7,10.6,10.8,,
Samoa,WSM,Prevalence of undernourishment (% of population),SN.ITK.DEFC.ZS,,,,,,,,,,,5.3,4.4,4.1,3.8,3.6,3.5,3.5,3.6,3.5,3.5,3.4,3.3,3.1,3.1,3.1,3.1,3.1,,
Kosovo,XKX,Prevalence of undernourishment (% of population),SN.ITK.DEFC.ZS,,,,,,,,,,,,,,,,,,,,,,,,,,,,,
"Yemen, Rep.",YEM,Prevalence of undernourishment (% of population),SN.ITK.DEFC.ZS,,,,,,,,,,,29.9,30.1,30.6,31,30.9,30.1,28.9,27.6,27,26.2,25.7,25.2,25.9,27.7,30.2,32.6,34.4,,
South Africa,ZAF,Prevalence of undernourishment (% of population),SN.ITK.DEFC.ZS,,,,,,,,,,,5,4.7,4.6,4.4,4.3,4.4,4.5,4.6,4.6,4.5,4.4,4.4,4.5,4.8,5.3,5.8,6.1,,
Zambia,ZMB,Prevalence of undernourishment (% of population),SN.ITK.DEFC.ZS,,,,,,,,,,,47.4,49,50,49.9,50.2,51.1,52.6,53.5,53,51.5,50,48.8,47.7,46.1,44.9,44.4,44.5,,
Zimbabwe,ZWE,Prevalence of undernourishment (% of population),SN.ITK.DEFC.ZS,,,,,,,,,,,40.2,40.4,40.8,41.5,41.9,42.2,42.1,42.6,43,42.8,41.9,41.3,41.9,44.4,47,48.2,46.6,,
